-- MySQL dump 10.13  Distrib 5.7.9, for Win64 (x86_64)
--
-- Host: localhost    Database: dblec
-- ------------------------------------------------------
-- Server version	5.7.13-log

/*!40101 SET @OLD_CHARACTER_SET_CLIENT=@@CHARACTER_SET_CLIENT */;
/*!40101 SET @OLD_CHARACTER_SET_RESULTS=@@CHARACTER_SET_RESULTS */;
/*!40101 SET @OLD_COLLATION_CONNECTION=@@COLLATION_CONNECTION */;
/*!40101 SET NAMES utf8 */;
/*!40103 SET @OLD_TIME_ZONE=@@TIME_ZONE */;
/*!40103 SET TIME_ZONE='+00:00' */;
/*!40014 SET @OLD_UNIQUE_CHECKS=@@UNIQUE_CHECKS, UNIQUE_CHECKS=0 */;
/*!40014 SET @OLD_FOREIGN_KEY_CHECKS=@@FOREIGN_KEY_CHECKS, FOREIGN_KEY_CHECKS=0 */;
/*!40101 SET @OLD_SQL_MODE=@@SQL_MODE, SQL_MODE='NO_AUTO_VALUE_ON_ZERO' */;
/*!40111 SET @OLD_SQL_NOTES=@@SQL_NOTES, SQL_NOTES=0 */;

--
-- Table structure for table `building`
--

DROP TABLE IF EXISTS `building`;
/*!40101 SET @saved_cs_client     = @@character_set_client */;
/*!40101 SET character_set_client = utf8 */;
CREATE TABLE `building` (
  `building_id` varchar(16) NOT NULL,
  `name` varchar(32) DEFAULT NULL,
  `admin` varchar(32) DEFAULT NULL,
  `rooms` int(11) DEFAULT NULL,
  PRIMARY KEY (`building_id`)
) ENGINE=InnoDB DEFAULT CHARSET=utf8;
/*!40101 SET character_set_client = @saved_cs_client */;

--
-- Dumping data for table `building`
--

LOCK TABLES `building` WRITE;
/*!40000 ALTER TABLE `building` DISABLE KEYS */;
INSERT INTO `building` VALUES ('1','IT / BT','공과대학',20),('10','제 1법학관','법과대학',15),('11','제 2법학관','법과대학',14),('12','자연과학관','자연과학',23),('13','사회과학관','사회과학',22),('2','의학계단강의동','의과대학',15),('3','생활과학관','인문과학',23),('4','산학기술관','공과대학',17),('5','올림픽 체육관','예술학부',5),('6','제 1공학관','공과대학',38),('7','제 2공학관','공과대학',29),('8','FTC','공과대학',13),('9','제 1의학관','의과대학',17);
/*!40000 ALTER TABLE `building` ENABLE KEYS */;
UNLOCK TABLES;

--
-- Table structure for table `class`
--

DROP TABLE IF EXISTS `class`;
/*!40101 SET @saved_cs_client     = @@character_set_client */;
/*!40101 SET character_set_client = utf8 */;
CREATE TABLE `class` (
  `class_id` varchar(16) NOT NULL,
  `class_no` varchar(16) DEFAULT NULL,
  `course_id` varchar(16) DEFAULT NULL,
  `name` varchar(64) DEFAULT NULL,
  `major_id` varchar(16) DEFAULT NULL,
  `year` varchar(4) DEFAULT NULL,
  `credit` int(11) DEFAULT NULL,
  `lecturer_id` varchar(16) DEFAULT NULL,
  `person_max` int(11) DEFAULT NULL,
  `opened` varchar(4) DEFAULT NULL,
  `room_id` varchar(16) DEFAULT NULL,
  PRIMARY KEY (`class_id`),
  KEY `R_3` (`major_id`),
  KEY `R_14` (`course_id`),
  KEY `R_15` (`lecturer_id`),
  KEY `R_16` (`room_id`),
  KEY `R_21` (`class_no`),
  CONSTRAINT `R_14` FOREIGN KEY (`course_id`) REFERENCES `course` (`course_id`),
  CONSTRAINT `R_15` FOREIGN KEY (`lecturer_id`) REFERENCES `lecturer` (`lecturer_id`),
  CONSTRAINT `R_16` FOREIGN KEY (`room_id`) REFERENCES `room` (`room_id`),
  CONSTRAINT `R_3` FOREIGN KEY (`major_id`) REFERENCES `major` (`major_id`)
) ENGINE=InnoDB DEFAULT CHARSET=utf8;
/*!40101 SET character_set_client = @saved_cs_client */;

--
-- Dumping data for table `class`
--

LOCK TABLES `class` WRITE;
/*!40000 ALTER TABLE `class` DISABLE KEYS */;
INSERT INTO `class` VALUES ('8831','10003','CIE3022','철근콘크리트구조설계','1','3',3,'2001001001',3,'2016','169'),('88311','10003','CIE3022','철근콘크리트구조설계','1','3',3,'2001001001',25,'2015',NULL),('88312','10003','CIE3022','철근콘크리트구조설계','1','3',3,'2001001001',22,'2014',NULL),('88313','10003','CIE3022','철근콘크리트구조설계','1','3',3,'2001001001',34,'2013',NULL),('8832','10004','CIE3032','지반공학및실험','1','3',3,'2001032031',37,'2016','163'),('88321','10004','CIE3032','지반공학및실험','1','3',3,'2001032031',37,'2015',NULL),('88322','10004','CIE3032','지반공학및실험','1','3',3,'2001032031',34,'2014',NULL),('88323','10004','CIE3032','지반공학및실험','1','3',3,'2001032031',37,'2013',NULL),('8833','10005','CIE3033','건설경제학','1','3',3,'2001032065',25,'2016','101'),('88331','10005','CIE3033','건설경제학','1','3',3,'2001032065',35,'2015',NULL),('88332','10005','CIE3033','건설경제학','1','3',3,'2001032065',27,'2014',NULL),('88333','10005','CIE3033','건설경제학','1','3',3,'2001032065',2,'2013',NULL),('8834','10007','CIE4011','수리학및실험','1','3',3,'2001001002',4,'2016','7'),('88341','10007','CIE4011','수리학및실험','1','3',3,'2001001002',25,'2015',NULL),('88342','10007','CIE4011','수리학및실험','1','3',3,'2001001002',28,'2014',NULL),('88343','10007','CIE4011','수리학및실험','1','3',3,'2001001002',32,'2013',NULL),('8835','10009','CIE4047','수공구조물설계','1','4',3,'2001032032',38,'2016','65'),('88351','10009','CIE4047','수공구조물설계','1','4',3,'2001032032',38,'2015',NULL),('88352','10009','CIE4047','수공구조물설계','1','4',3,'2001032032',23,'2014',NULL),('88353','10009','CIE4047','수공구조물설계','1','4',3,'2001032032',38,'2013',NULL),('8836','10010','CIE4058','구조동역학','1','3',3,'2001032066',25,'2016','148'),('88361','10010','CIE4058','구조동역학','1','3',3,'2001032066',25,'2015',NULL),('88362','10010','CIE4058','구조동역학','1','3',3,'2001032066',36,'2014',NULL),('88363','10010','CIE4058','구조동역학','1','3',3,'2001032066',3,'2013',NULL),('8837','10012','CIE4065','유비쿼터스첨단건설공학','1','4',3,'2001011003',5,'2016','153'),('88371','10012','CIE4065','유비쿼터스첨단건설공학','1','4',3,'2001011003',25,'2015',NULL),('88372','10012','CIE4065','유비쿼터스첨단건설공학','1','4',3,'2001011003',33,'2014',NULL),('88373','10012','CIE4065','유비쿼터스첨단건설공학','1','4',3,'2001011003',26,'2013',NULL),('8838','10013','CIE4068','건설환경공학종합설계2','1','4',3,'2001032033',39,'2016','82'),('88381','10013','CIE4068','건설환경공학종합설계2','1','4',3,'2001032033',29,'2015',NULL),('88382','10013','CIE4068','건설환경공학종합설계2','1','4',3,'2001032033',36,'2014',NULL),('88383','10013','CIE4068','건설환경공학종합설계2','1','4',3,'2001032033',39,'2013',NULL),('8839','10014','COE3053','공업수학3','1','3',3,'2001032067',25,'2016','92'),('88391','10014','COE3053','공업수학3','1','3',3,'2001032067',25,'2015',NULL),('88392','10014','COE3053','공업수학3','1','3',3,'2001032067',36,'2014',NULL),('88393','10014','COE3053','공업수학3','1','3',3,'2001032067',4,'2013',NULL),('8840','10015','EEC3005','상하수도공학','1','3',3,'2001011004',6,'2016','107'),('88401','10015','EEC3005','상하수도공학','1','3',3,'2001011004',25,'2015',NULL),('88402','10015','EEC3005','상하수도공학','1','3',3,'2001011004',38,'2014',NULL),('88403','10015','EEC3005','상하수도공학','1','3',3,'2001011004',27,'2013',NULL),('8841','10016','GEN6095','전공현장실습2','1','3',3,'2001032034',36,'2016','156'),('88411','10016','GEN6095','전공현장실습2','1','3',3,'2001032034',40,'2015',NULL),('88412','10016','GEN6095','전공현장실습2','1','3',3,'2001032034',32,'2014',NULL),('88413','10016','GEN6095','전공현장실습2','1','3',3,'2001032034',40,'2013',NULL),('8842','10017','MME3026','암반공학','1','3',3,'2001032068',25,'2016','91'),('88421','10017','MME3026','암반공학','1','3',3,'2001032068',35,'2015',NULL),('88422','10017','MME3026','암반공학','1','3',3,'2001032068',29,'2014',NULL),('88423','10017','MME3026','암반공학','1','3',3,'2001032068',5,'2013',NULL),('8843','10020','CSE4006','소프트웨어공학','2','3',3,'2001021002',7,'2016','85'),('88431','10020','CSE4006','소프트웨어공학','2','3',3,'2001021002',25,'2015',NULL),('88432','10020','CSE4006','소프트웨어공학','2','3',3,'2001021002',20,'2014',NULL),('88433','10020','CSE4006','소프트웨어공학','2','3',3,'2001021002',26,'2013',NULL),('8844','10022','GEN6095','전공현장실습2','2','3',3,'2001032035',30,'2016','88'),('88441','10022','GEN6095','전공현장실습2','2','3',3,'2001032035',29,'2015',NULL),('88442','10022','GEN6095','전공현장실습2','2','3',3,'2001032035',31,'2014',NULL),('88443','10022','GEN6095','전공현장실습2','2','3',3,'2001032035',34,'2013',NULL),('8845','10025','ITE3068','소프트웨어스튜디오2','2','3',3,'2001032069',25,'2016','117'),('88451','10025','ITE3068','소프트웨어스튜디오2','2','3',3,'2001032069',29,'2015',NULL),('88452','10025','ITE3068','소프트웨어스튜디오2','2','3',3,'2001032069',24,'2014',NULL),('88453','10025','ITE3068','소프트웨어스튜디오2','2','3',3,'2001032069',6,'2013',NULL),('8846','10027','ITE3070','전공멘토링6','2','3',1,'2001031001',8,'2016','99'),('88461','10027','ITE3070','전공멘토링6','2','3',1,'2001031001',25,'2015',NULL),('88462','10027','ITE3070','전공멘토링6','2','3',1,'2001031001',19,'2014',NULL),('88463','10027','ITE3070','전공멘토링6','2','3',1,'2001031001',22,'2013',NULL),('8847','10029','CSE4006','소프트웨어공학','3','3',3,'2001032036',33,'2016','36'),('88471','10029','CSE4006','소프트웨어공학','3','3',3,'2001032036',33,'2015',NULL),('88472','10029','CSE4006','소프트웨어공학','3','3',3,'2001032036',32,'2014',NULL),('88473','10029','CSE4006','소프트웨어공학','3','3',3,'2001032036',30,'2013',NULL),('8848','10030','CSE4006','소프트웨어공학','3','3',3,'2001032070',25,'2016','193'),('88481','10030','CSE4006','소프트웨어공학','3','3',3,'2001032070',19,'2015',NULL),('88482','10030','CSE4006','소프트웨어공학','3','3',3,'2001032070',29,'2014',NULL),('88483','10030','CSE4006','소프트웨어공학','3','3',3,'2001032070',7,'2013',NULL),('8849','10031','ELE3020','컴퓨터구조2','3','3',3,'2001032003',1,'2016','162'),('88491','10031','ELE3020','컴퓨터구조2','3','3',3,'2001032003',25,'2015',NULL),('88492','10031','ELE3020','컴퓨터구조2','3','3',3,'2001032003',28,'2014',NULL),('88493','10031','ELE3020','컴퓨터구조2','3','3',3,'2001032003',39,'2013',NULL),('8850','10033','ELE4029','컴파일러','3','3',3,'2001032037',37,'2016','76'),('88501','10033','ELE4029','컴파일러','3','3',3,'2001032037',33,'2015',NULL),('88502','10033','ELE4029','컴파일러','3','3',3,'2001032037',40,'2014',NULL),('88503','10033','ELE4029','컴파일러','3','3',3,'2001032037',34,'2013',NULL),('8851','10035','ENE4019','컴퓨터네트워크','3','3',3,'2001032071',25,'2016','54'),('88511','10035','ENE4019','컴퓨터네트워크','3','3',3,'2001032071',34,'2015',NULL),('88512','10035','ENE4019','컴퓨터네트워크','3','3',3,'2001032071',23,'2014',NULL),('88513','10035','ENE4019','컴퓨터네트워크','3','3',3,'2001032071',8,'2013',NULL),('8852','10036','ENE4019','컴퓨터네트워크','3','3',3,'2001032004',10,'2016','181'),('88521','10036','ENE4019','컴퓨터네트워크','3','3',3,'2001032004',25,'2015',NULL),('88522','10036','ENE4019','컴퓨터네트워크','3','3',3,'2001032004',27,'2014',NULL),('88523','10036','ENE4019','컴퓨터네트워크','3','3',3,'2001032004',10,'2013',NULL),('8853','10037','GEN6006','특허법의이해','3','3',2,'2001032038',33,'2016','137'),('88531','10037','GEN6006','특허법의이해','3','3',2,'2001032038',35,'2015',NULL),('88532','10037','GEN6006','특허법의이해','3','3',2,'2001032038',21,'2014',NULL),('88533','10037','GEN6006','특허법의이해','3','3',2,'2001032038',38,'2013',NULL),('8854','10038','GEN6006','특허법의이해','3','3',2,'2001032072',25,'2016','6'),('88541','10038','GEN6006','특허법의이해','3','3',2,'2001032072',30,'2015',NULL),('88542','10038','GEN6006','특허법의이해','3','3',2,'2001032072',24,'2014',NULL),('88543','10038','GEN6006','특허법의이해','3','3',2,'2001032072',9,'2013',NULL),('8855','10041','ITE3016','데이터베이스시스템','3','3',3,'2001032005',11,'2016','105'),('88551','10041','ITE3016','데이터베이스시스템','3','3',3,'2001032005',25,'2015',NULL),('88552','10041','ITE3016','데이터베이스시스템','3','3',3,'2001032005',32,'2014',NULL),('88553','10041','ITE3016','데이터베이스시스템','3','3',3,'2001032005',11,'2013',NULL),('8856','10042','ITE3016','데이터베이스시스템','3','3',3,'2001032039',33,'2016','175'),('88561','10042','ITE3016','데이터베이스시스템','3','3',3,'2001032039',32,'2015',NULL),('88562','10042','ITE3016','데이터베이스시스템','3','3',3,'2001032039',28,'2014',NULL),('88563','10042','ITE3016','데이터베이스시스템','3','3',3,'2001032039',37,'2013',NULL),('8857','10043','ITE3060','시스템프로그램설계2','3','3',2,'2001032073',25,'2016','66'),('88571','10043','ITE3060','시스템프로그램설계2','3','3',2,'2001032073',34,'2015',NULL),('88572','10043','ITE3060','시스템프로그램설계2','3','3',2,'2001032073',30,'2014',NULL),('88573','10043','ITE3060','시스템프로그램설계2','3','3',2,'2001032073',10,'2013',NULL),('8858','10045','MAT3008','수치해석','3','3',3,'2001032006',12,'2016','172'),('88581','10045','MAT3008','수치해석','3','3',3,'2001032006',25,'2015',NULL),('88582','10045','MAT3008','수치해석','3','3',3,'2001032006',29,'2014',NULL),('88583','10045','MAT3008','수치해석','3','3',3,'2001032006',12,'2013',NULL),('8859','10051','ECL3005','임베디드제어시스템','4','3',3,'2001032040',31,'2016','194'),('88591','10051','ECL3005','임베디드제어시스템','4','3',3,'2001032040',25,'2015',NULL),('88592','10051','ECL3005','임베디드제어시스템','4','3',3,'2001032040',35,'2014',NULL),('88593','10051','ECL3005','임베디드제어시스템','4','3',3,'2001032040',32,'2013',NULL),('8860','10052','ECL3007','플라즈마공학2','4','3',3,'2001032074',25,'2016','106'),('88601','10052','ECL3007','플라즈마공학2','4','3',3,'2001032074',38,'2015',NULL),('88602','10052','ECL3007','플라즈마공학2','4','3',3,'2001032074',20,'2014',NULL),('88603','10052','ECL3007','플라즈마공학2','4','3',3,'2001032074',11,'2013',NULL),('8861','10055','ECL4009','피드백시스템','4','4',3,'2001032007',13,'2016','80'),('88611','10055','ECL4009','피드백시스템','4','4',3,'2001032007',25,'2015',NULL),('88612','10055','ECL4009','피드백시스템','4','4',3,'2001032007',22,'2014',NULL),('88613','10055','ECL4009','피드백시스템','4','4',3,'2001032007',13,'2013',NULL),('8862','10056','ECL4010','차량전자제어','4','4',3,'2001032041',31,'2016','47'),('88621','10056','ECL4010','차량전자제어','4','4',3,'2001032041',36,'2015',NULL),('88622','10056','ECL4010','차량전자제어','4','4',3,'2001032041',32,'2014',NULL),('88623','10056','ECL4010','차량전자제어','4','4',3,'2001032041',32,'2013',NULL),('8863','10057','ECL4011','전동력제어','4','4',3,'2001032075',25,'2016','158'),('88631','10057','ECL4011','전동력제어','4','4',3,'2001032075',37,'2015',NULL),('88632','10057','ECL4011','전동력제어','4','4',3,'2001032075',38,'2014',NULL),('88633','10057','ECL4011','전동력제어','4','4',3,'2001032075',12,'2013',NULL),('8864','10058','ECL4013','전기공학종합설계2','4','4',3,'2001032008',14,'2016','69'),('88641','10058','ECL4013','전기공학종합설계2','4','4',3,'2001032008',25,'2015',NULL),('88642','10058','ECL4013','전기공학종합설계2','4','4',3,'2001032008',18,'2014',NULL),('88643','10058','ECL4013','전기공학종합설계2','4','4',3,'2001032008',14,'2013',NULL),('8865','10059','ECL4014','산업플라즈마공학','4','4',3,'2001032042',34,'2016','59'),('88651','10059','ECL4014','산업플라즈마공학','4','4',3,'2001032042',33,'2015',NULL),('88652','10059','ECL4014','산업플라즈마공학','4','4',3,'2001032042',40,'2014',NULL),('88653','10059','ECL4014','산업플라즈마공학','4','4',3,'2001032042',18,'2013',NULL),('8866','10060','ECL4015','전력전자제어','4','4',3,'2001032076',25,'2016','168'),('88661','10060','ECL4015','전력전자제어','4','4',3,'2001032076',32,'2015',NULL),('88662','10060','ECL4015','전력전자제어','4','4',3,'2001032076',39,'2014',NULL),('88663','10060','ECL4015','전력전자제어','4','4',3,'2001032076',13,'2013',NULL),('8867','10061','ECL4018','전기공학세미나','4','4',3,'2001032009',15,'2016','12'),('88671','10061','ECL4018','전기공학세미나','4','4',3,'2001032009',25,'2015',NULL),('88672','10061','ECL4018','전기공학세미나','4','4',3,'2001032009',27,'2014',NULL),('88673','10061','ECL4018','전기공학세미나','4','4',3,'2001032009',15,'2013',NULL),('8868','10062','ELE3004','제어공학','4','3',3,'2001032043',38,'2016','143'),('88681','10062','ELE3004','제어공학','4','3',3,'2001032043',21,'2015',NULL),('88682','10062','ELE3004','제어공학','4','3',3,'2001032043',24,'2014',NULL),('88683','10062','ELE3004','제어공학','4','3',3,'2001032043',37,'2013',NULL),('8869','10063','ELE3013','전기기기','4','3',3,'2001032077',25,'2016','33'),('88691','10063','ELE3013','전기기기','4','3',3,'2001032077',32,'2015',NULL),('88692','10063','ELE3013','전기기기','4','3',3,'2001032077',34,'2014',NULL),('88693','10063','ELE3013','전기기기','4','3',3,'2001032077',14,'2013',NULL),('8870','10065','ELE4019','전력시스템공학','4','3',3,'2001032010',16,'2016','124'),('88701','10065','ELE4019','전력시스템공학','4','3',3,'2001032010',25,'2015',NULL),('88702','10065','ELE4019','전력시스템공학','4','3',3,'2001032010',35,'2014',NULL),('88703','10065','ELE4019','전력시스템공학','4','3',3,'2001032010',16,'2013',NULL),('8871','10066','ELE4025','펄스파워공학','4','3',3,'2001032044',50,'2016','51'),('88711','10066','ELE4025','펄스파워공학','4','3',3,'2001032044',23,'2015',NULL),('88712','10066','ELE4025','펄스파워공학','4','3',3,'2001032044',20,'2014',NULL),('88713','10066','ELE4025','펄스파워공학','4','3',3,'2001032044',34,'2013',NULL),('8872','10067','GEN5026','테크노경영학','4','3',3,'2001032078',25,'2016','186'),('88721','10067','GEN5026','테크노경영학','4','3',3,'2001032078',18,'2015',NULL),('88722','10067','GEN5026','테크노경영학','4','3',3,'2001032078',37,'2014',NULL),('88723','10067','GEN5026','테크노경영학','4','3',3,'2001032078',15,'2013',NULL),('8873','10072','ARE3009','건축구조역학2','5','3',3,'2001032011',17,'2016','4'),('88731','10072','ARE3009','건축구조역학2','5','3',3,'2001032011',25,'2015',NULL),('88732','10072','ARE3009','건축구조역학2','5','3',3,'2001032011',38,'2014',NULL),('88733','10072','ARE3009','건축구조역학2','5','3',3,'2001032011',17,'2013',NULL),('8874','10073','ARE3069','건설사업관리1','5','3',3,'2001032045',30,'2016','151'),('88741','10073','ARE3069','건설사업관리1','5','3',3,'2001032045',30,'2015',NULL),('88742','10073','ARE3069','건설사업관리1','5','3',3,'2001032045',29,'2014',NULL),('88743','10073','ARE3069','건설사업관리1','5','3',3,'2001032045',34,'2013',NULL),('8875','10074','ARE4014','건축구조계획','5','4',3,'2001032079',25,'2016','111'),('88751','10074','ARE4014','건축구조계획','5','4',3,'2001032079',37,'2015',NULL),('88752','10074','ARE4014','건축구조계획','5','4',3,'2001032079',35,'2014',NULL),('88753','10074','ARE4014','건축구조계획','5','4',3,'2001032079',16,'2013',NULL),('8876','10075','ARE4020','건축공학실험','5','4',3,'2001032012',18,'2016','113'),('88761','10075','ARE4020','건축공학실험','5','4',3,'2001032012',25,'2015',NULL),('88762','10075','ARE4020','건축공학실험','5','4',3,'2001032012',18,'2014',NULL),('88763','10075','ARE4020','건축공학실험','5','4',3,'2001032012',18,'2013',NULL),('8877','10076','ARE4022','건축음향','5','3',3,'2001032046',30,'2016','109'),('88771','10076','ARE4022','건축음향','5','3',3,'2001032046',35,'2015',NULL),('88772','10076','ARE4022','건축음향','5','3',3,'2001032046',22,'2014',NULL),('88773','10076','ARE4022','건축음향','5','3',3,'2001032046',30,'2013',NULL),('8878','10077','ARE4026','환경과생태건축','5','4',3,'2001032080',25,'2016','18'),('88781','10077','ARE4026','환경과생태건축','5','4',3,'2001032080',34,'2015',NULL),('88782','10077','ARE4026','환경과생태건축','5','4',3,'2001032080',31,'2014',NULL),('88783','10077','ARE4026','환경과생태건축','5','4',3,'2001032080',17,'2013',NULL),('8879','10078','ARE4030','전기회로및조명시스템','5','4',3,'2001032013',19,'2016','183'),('88791','10078','ARE4030','전기회로및조명시스템','5','4',3,'2001032013',25,'2015',NULL),('88792','10078','ARE4030','전기회로및조명시스템','5','4',3,'2001032013',28,'2014',NULL),('88793','10078','ARE4030','전기회로및조명시스템','5','4',3,'2001032013',19,'2013',NULL),('8880','10079','ARE5013','건축종합설계2','5','3',3,'2001032047',30,'2016','16'),('88801','10079','ARE5013','건축종합설계2','5','3',3,'2001032047',40,'2015',NULL),('88802','10079','ARE5013','건축종합설계2','5','3',3,'2001032047',35,'2014',NULL),('88803','10079','ARE5013','건축종합설계2','5','3',3,'2001032047',34,'2013',NULL),('8881','10080','ARE5032','공학프로젝트및현장실습2','5','4',3,'2001032081',25,'2016','173'),('88811','10080','ARE5032','공학프로젝트및현장실습2','5','4',3,'2001032081',21,'2015',NULL),('88812','10080','ARE5032','공학프로젝트및현장실습2','5','4',3,'2001032081',28,'2014',NULL),('88813','10080','ARE5032','공학프로젝트및현장실습2','5','4',3,'2001032081',18,'2013',NULL),('8882','10081','CIE2007','측량학','5','4',3,'2001032014',20,'2016','147'),('88821','10081','CIE2007','측량학','5','4',3,'2001032014',25,'2015',NULL),('88822','10081','CIE2007','측량학','5','4',3,'2001032014',20,'2014',NULL),('88823','10081','CIE2007','측량학','5','4',3,'2001032014',20,'2013',NULL),('8883','10082','CIE3070','철근콘크리트구조2','5','3',3,'2001032048',30,'2016','145'),('88831','10082','CIE3070','철근콘크리트구조2','5','3',3,'2001032048',18,'2015',NULL),('88832','10082','CIE3070','철근콘크리트구조2','5','3',3,'2001032048',35,'2014',NULL),('88833','10082','CIE3070','철근콘크리트구조2','5','3',3,'2001032048',38,'2013',NULL),('8884','10083','GEN6095','전공현장실습2','5','3',3,'2001032082',25,'2016','50'),('88841','10083','GEN6095','전공현장실습2','5','3',3,'2001032082',22,'2015',NULL),('88842','10083','GEN6095','전공현장실습2','5','3',3,'2001032082',20,'2014',NULL),('88843','10083','GEN6095','전공현장실습2','5','3',3,'2001032082',19,'2013',NULL),('8885','10084','MAT3008','수치해석','5','3',3,'2001032015',21,'2016','152'),('88851','10084','MAT3008','수치해석','5','3',3,'2001032015',21,'2015',NULL),('88852','10084','MAT3008','수치해석','5','3',3,'2001032015',26,'2014',NULL),('88853','10084','MAT3008','수치해석','5','3',3,'2001032015',21,'2013',NULL),('8886','10086','CHE1015','기능성고분자','6','4',3,'2001032049',30,'2016','68'),('88861','10086','CHE1015','기능성고분자','6','4',3,'2001032049',29,'2015',NULL),('88862','10086','CHE1015','기능성고분자','6','4',3,'2001032049',37,'2014',NULL),('88863','10086','CHE1015','기능성고분자','6','4',3,'2001032049',37,'2013',NULL),('8887','10087','CHE3006','화공열역학2','6','3',3,'2001032083',25,'2016','192'),('88871','10087','CHE3006','화공열역학2','6','3',3,'2001032083',23,'2015',NULL),('88872','10087','CHE3006','화공열역학2','6','3',3,'2001032083',37,'2014',NULL),('88873','10087','CHE3006','화공열역학2','6','3',3,'2001032083',20,'2013',NULL),('8888','10088','CHE3012','물질전달','6','3',3,'2001032016',22,'2016','93'),('88881','10088','CHE3012','물질전달','6','3',3,'2001032016',22,'2015',NULL),('88882','10088','CHE3012','물질전달','6','3',3,'2001032016',29,'2014',NULL),('88883','10088','CHE3012','물질전달','6','3',3,'2001032016',22,'2013',NULL),('8889','10089','CHE4053','유기소자공학','6','4',3,'2001032050',30,'2016','40'),('88891','10089','CHE4053','유기소자공학','6','4',3,'2001032050',25,'2015',NULL),('88892','10089','CHE4053','유기소자공학','6','4',3,'2001032050',18,'2014',NULL),('88893','10089','CHE4053','유기소자공학','6','4',3,'2001032050',32,'2013',NULL),('8890','10090','CHE4054','화학공학종합설계2(URIP)','6','4',3,'2001032084',25,'2016','197'),('88901','10090','CHE4054','화학공학종합설계2(URIP)','6','4',3,'2001032084',40,'2015',NULL),('88902','10090','CHE4054','화학공학종합설계2(URIP)','6','4',3,'2001032084',31,'2014',NULL),('88903','10090','CHE4054','화학공학종합설계2(URIP)','6','4',3,'2001032084',21,'2013',NULL),('8891','10091','CHM3066','화공기초실험','6','3',2,'2001032017',23,'2016','84'),('88911','10091','CHM3066','화공기초실험','6','3',2,'2001032017',23,'2015',NULL),('88912','10091','CHM3066','화공기초실험','6','3',2,'2001032017',34,'2014',NULL),('88913','10091','CHM3066','화공기초실험','6','3',2,'2001032017',23,'2013',NULL),('8892','10092','CHM3078','촉매반응공학','6','3',3,'2001032051',30,'2016','115'),('88921','10092','CHM3078','촉매반응공학','6','3',3,'2001032051',21,'2015',NULL),('88922','10092','CHM3078','촉매반응공학','6','3',3,'2001032051',23,'2014',NULL),('88923','10092','CHM3078','촉매반응공학','6','3',3,'2001032051',32,'2013',NULL),('8893','10093','CHM4001','기기분석','6','3',3,'2001032085',25,'2016','70'),('88931','10093','CHM4001','기기분석','6','3',3,'2001032085',20,'2015',NULL),('88932','10093','CHM4001','기기분석','6','3',3,'2001032085',33,'2014',NULL),('88933','10093','CHM4001','기기분석','6','3',3,'2001032085',22,'2013',NULL),('8894','10094','CHM4013','고분자물성','6','3',3,'2001032018',24,'2016','182'),('88941','10094','CHM4013','고분자물성','6','3',3,'2001032018',24,'2015',NULL),('88942','10094','CHM4013','고분자물성','6','3',3,'2001032018',19,'2014',NULL),('88943','10094','CHM4013','고분자물성','6','3',3,'2001032018',24,'2013',NULL),('8895','10096','CHM4083','나노화학공학','6','4',3,'2001032052',30,'2016','8'),('88951','10096','CHM4083','나노화학공학','6','4',3,'2001032052',21,'2015',NULL),('88952','10096','CHM4083','나노화학공학','6','4',3,'2001032052',37,'2014',NULL),('88953','10096','CHM4083','나노화학공학','6','4',3,'2001032052',18,'2013',NULL),('8897','10099','CME4002','화공전산설계','6','4',3,'2001032019',25,'2016','31'),('88971','10099','CME4002','화공전산설계','6','4',3,'2001032019',25,'2015',NULL),('88972','10099','CME4002','화공전산설계','6','4',3,'2001032019',33,'2014',NULL),('88973','10099','CME4002','화공전산설계','6','4',3,'2001032019',25,'2013',NULL),('8898','10100','COE1011','실용공학연구2','6','3',1,'2001032053',30,'2016','29'),('88981','10100','COE1011','실용공학연구2','6','3',1,'2001032053',27,'2015',NULL),('88982','10100','COE1011','실용공학연구2','6','3',1,'2001032053',38,'2014',NULL),('88983','10100','COE1011','실용공학연구2','6','3',1,'2001032053',37,'2013',NULL),('8900','10102','GEN3052','환경공학','6','4',3,'2001032020',26,'2016','164'),('89001','10102','GEN3052','환경공학','6','4',3,'2001032020',26,'2015',NULL),('89002','10102','GEN3052','환경공학','6','4',3,'2001032020',18,'2014',NULL),('89003','10102','GEN3052','환경공학','6','4',3,'2001032020',26,'2013',NULL),('8901','10103','GEN5026','테크노경영학','6','3',3,'2001032054',30,'2016','75'),('89011','10103','GEN5026','테크노경영학','6','3',3,'2001032054',40,'2015',NULL),('89012','10103','GEN5026','테크노경영학','6','3',3,'2001032054',20,'2014',NULL),('89013','10103','GEN5026','테크노경영학','6','3',3,'2001032054',34,'2013',NULL),('8903','10105','MEE4001','열전달','6','3',3,'2001032021',27,'2016','10'),('89031','10105','MEE4001','열전달','6','3',3,'2001032021',27,'2015',NULL),('89032','10105','MEE4001','열전달','6','3',3,'2001032021',40,'2014',NULL),('89033','10105','MEE4001','열전달','6','3',3,'2001032021',27,'2013',NULL),('8904','10108','BIO2022','세포생물학','7','3',3,'2001032055',30,'2016','138'),('89041','10108','BIO2022','세포생물학','7','3',3,'2001032055',37,'2015',NULL),('89042','10108','BIO2022','세포생물학','7','3',3,'2001032055',28,'2014',NULL),('89043','10108','BIO2022','세포생물학','7','3',3,'2001032055',34,'2013',NULL),('8906','10112','BTN4005','생물나노소재','7','4',3,'2001032022',28,'2016','167'),('89061','10112','BTN4005','생물나노소재','7','4',3,'2001032022',28,'2015',NULL),('89062','10112','BTN4005','생물나노소재','7','4',3,'2001032022',37,'2014',NULL),('89063','10112','BTN4005','생물나노소재','7','4',3,'2001032022',28,'2013',NULL),('8907','10113','BTN4009','응용유전학','7','4',3,'2001032056',30,'2016','157'),('89071','10113','BTN4009','응용유전학','7','4',3,'2001032056',18,'2015',NULL),('89072','10113','BTN4009','응용유전학','7','4',3,'2001032056',18,'2014',NULL),('89073','10113','BTN4009','응용유전학','7','4',3,'2001032056',30,'2013',NULL),('8909','10115','BTN4012','공학종합설계2(URIP)','7','4',1,'2001032023',29,'2016','103'),('89091','10115','BTN4012','공학종합설계2(URIP)','7','4',1,'2001032023',29,'2015',NULL),('89092','10115','BTN4012','공학종합설계2(URIP)','7','4',1,'2001032023',30,'2014',NULL),('89093','10115','BTN4012','공학종합설계2(URIP)','7','4',1,'2001032023',29,'2013',NULL),('8910','10117','COE1011','실용공학연구2','7','3',1,'2001032057',30,'2016','25'),('89101','10117','COE1011','실용공학연구2','7','3',1,'2001032057',40,'2015',NULL),('89102','10117','COE1011','실용공학연구2','7','3',1,'2001032057',29,'2014',NULL),('89103','10117','COE1011','실용공학연구2','7','3',1,'2001032057',34,'2013',NULL),('8912','10119','DBC3018','미생물학','7','3',3,'2001032024',30,'2016','199'),('89121','10119','DBC3018','미생물학','7','3',3,'2001032024',30,'2015',NULL),('89122','10119','DBC3018','미생물학','7','3',3,'2001032024',38,'2014',NULL),('89123','10119','DBC3018','미생물학','7','3',3,'2001032024',30,'2013',NULL),('8913','10120','GEN5026','테크노경영학','7','3',3,'2001032058',30,'2016','116'),('89131','10120','GEN5026','테크노경영학','7','3',3,'2001032058',22,'2015',NULL),('89132','10120','GEN5026','테크노경영학','7','3',3,'2001032058',21,'2014',NULL),('89133','10120','GEN5026','테크노경영학','7','3',3,'2001032058',38,'2013',NULL),('8915','10124','GEN6095','전공현장실습2','8','3',3,'2001032025',31,'2016','72'),('89151','10124','GEN6095','전공현장실습2','8','3',3,'2001032025',29,'2015',NULL),('89152','10124','GEN6095','전공현장실습2','8','3',3,'2001032025',30,'2014',NULL),('89153','10124','GEN6095','전공현장실습2','8','3',3,'2001032025',31,'2013',NULL),('8916','10125','ICH4022','고분자재료','8','3',3,'2001032059',30,'2016','127'),('89161','10125','ICH4022','고분자재료','8','3',3,'2001032059',37,'2015',NULL),('89162','10125','ICH4022','고분자재료','8','3',3,'2001032059',35,'2014',NULL),('89163','10125','ICH4022','고분자재료','8','3',3,'2001032059',37,'2013',NULL),('8918','10131','ONE4004','유기나노공학종합설계2','8','4',3,'2001032026',32,'2016','41'),('89181','10131','ONE4004','유기나노공학종합설계2','8','4',3,'2001032026',32,'2015',NULL),('89182','10131','ONE4004','유기나노공학종합설계2','8','4',3,'2001032026',34,'2014',NULL),('89183','10131','ONE4004','유기나노공학종합설계2','8','4',3,'2001032026',32,'2013',NULL),('8919','10132','ONE4005','전공세미나(유기나노공학)URIP','8','4',3,'2001032060',30,'2016','60'),('89191','10132','ONE4005','전공세미나(유기나노공학)URIP','8','4',3,'2001032060',27,'2015',NULL),('89192','10132','ONE4005','전공세미나(유기나노공학)URIP','8','4',3,'2001032060',38,'2014',NULL),('89193','10132','ONE4005','전공세미나(유기나노공학)URIP','8','4',3,'2001032060',32,'2013',NULL),('8921','10135','ONE4011','유기전자소재나노공정','8','4',3,'2001032027',33,'2016','122'),('89211','10135','ONE4011','유기전자소재나노공정','8','4',3,'2001032027',33,'2015',NULL),('89212','10135','ONE4011','유기전자소재나노공정','8','4',3,'2001032027',25,'2014',NULL),('89213','10135','ONE4011','유기전자소재나노공정','8','4',3,'2001032027',33,'2013',NULL),('8922','10140','TXE4065','고분자구조','8','4',3,'2001032061',30,'2016','17'),('89221','10140','TXE4065','고분자구조','8','4',3,'2001032061',37,'2015',NULL),('89222','10140','TXE4065','고분자구조','8','4',3,'2001032061',33,'2014',NULL),('89223','10140','TXE4065','고분자구조','8','4',3,'2001032061',32,'2013',NULL),('8924','10142','CHM4013','고분자물성','9','3',3,'2001032028',34,'2016','90'),('89241','10142','CHM4013','고분자물성','9','3',3,'2001032028',34,'2015',NULL),('89242','10142','CHM4013','고분자물성','9','3',3,'2001032028',18,'2014',NULL),('89243','10142','CHM4013','고분자물성','9','3',3,'2001032028',34,'2013',NULL),('8925','10144','EGY3001','재료물성학','9','3',3,'2001032062',30,'2016','179'),('89251','10144','EGY3001','재료물성학','9','3',3,'2001032062',39,'2015',NULL),('89252','10144','EGY3001','재료물성학','9','3',3,'2001032062',21,'2014',NULL),('89253','10144','EGY3001','재료물성학','9','3',3,'2001032062',18,'2013',NULL),('8927','10147','EGY4013','에너지공학종합설계2','9','4',3,'2001032029',35,'2016','170'),('89271','10147','EGY4013','에너지공학종합설계2','9','4',3,'2001032029',35,'2015',NULL),('89272','10147','EGY4013','에너지공학종합설계2','9','4',3,'2001032029',29,'2014',NULL),('89273','10147','EGY4013','에너지공학종합설계2','9','4',3,'2001032029',35,'2013',NULL),('8928','10148','EGY4016','나노바이오에너지소재','9','4',3,'2001032063',30,'2016','128'),('89281','10148','EGY4016','나노바이오에너지소재','9','4',3,'2001032063',36,'2015',NULL),('89282','10148','EGY4016','나노바이오에너지소재','9','4',3,'2001032063',26,'2014',NULL),('89283','10148','EGY4016','나노바이오에너지소재','9','4',3,'2001032063',37,'2013',NULL),('8930','10150','EGY4019','에너지유기소재','9','4',3,'2001032030',36,'2016','134'),('89301','10150','EGY4019','에너지유기소재','9','4',3,'2001032030',36,'2015',NULL),('89302','10150','EGY4019','에너지유기소재','9','4',3,'2001032030',36,'2014',NULL),('89303','10150','EGY4019','에너지유기소재','9','4',3,'2001032030',36,'2013',NULL),('8931','10151','GEN5026','테크노경영학','9','3',3,'2001032064',25,'2016','160'),('89311','10151','GEN5026','테크노경영학','9','3',3,'2001032064',37,'2015',NULL),('89312','10151','GEN5026','테크노경영학','9','3',3,'2001032064',29,'2014',NULL),('89313','10151','GEN5026','테크노경영학','9','3',3,'2001032064',34,'2013',NULL);
/*!40000 ALTER TABLE `class` ENABLE KEYS */;
UNLOCK TABLES;

--
-- Table structure for table `course`
--

DROP TABLE IF EXISTS `course`;
/*!40101 SET @saved_cs_client     = @@character_set_client */;
/*!40101 SET character_set_client = utf8 */;
CREATE TABLE `course` (
  `course_id` varchar(16) NOT NULL,
  `name` varchar(32) DEFAULT NULL,
  `credit` int(11) DEFAULT NULL,
  PRIMARY KEY (`course_id`)
) ENGINE=InnoDB DEFAULT CHARSET=utf8;
/*!40101 SET character_set_client = @saved_cs_client */;

--
-- Dumping data for table `course`
--

LOCK TABLES `course` WRITE;
/*!40000 ALTER TABLE `course` DISABLE KEYS */;
INSERT INTO `course` VALUES ('ARE3009','건축구조역학2',3),('ARE3069','건설사업관리1',3),('ARE4014','건축구조계획',3),('ARE4020','건축공학실험',3),('ARE4022','건축음향',3),('ARE4026','환경과생태건축',3),('ARE4030','전기회로및조명시스템',3),('ARE5013','건축종합설계2',3),('ARE5032','공학프로젝트및현장실습2',3),('BIO2022','세포생물학',3),('BTN4005','생물나노소재',3),('BTN4009','응용유전학',3),('BTN4012','공학종합설계2(URIP)',1),('CHE1015','기능성고분자',3),('CHE3006','화공열역학2',3),('CHE3012','물질전달',3),('CHE4053','유기소자공학',3),('CHE4054','화학공학종합설계2(URIP)',3),('CHM3066','화공기초실험',2),('CHM3078','촉매반응공학',3),('CHM4001','기기분석',3),('CHM4013','고분자물성',3),('CHM4083','나노화학공학',3),('CIE2007','측량학',3),('CIE3022','철근콘크리트구조설계',3),('CIE3032','지반공학및실험',3),('CIE3033','건설경제학',3),('CIE3070','철근콘크리트구조2',3),('CIE4011','수리학및실험',3),('CIE4047','수공구조물설계',3),('CIE4058','구조동역학',3),('CIE4065','유비쿼터스첨단건설공학',3),('CIE4068','건설환경공학종합설계2',3),('CME4002','화공전산설계',3),('COE1011','실용공학연구2',1),('COE3053','공업수학3',3),('CSE4006','소프트웨어공학',3),('DBC3018','미생물학',3),('ECL3005','임베디드제어시스템',3),('ECL3007','플라즈마공학2',3),('ECL4009','피드백시스템',3),('ECL4010','차량전자제어',3),('ECL4011','전동력제어',3),('ECL4013','전기공학종합설계2',3),('ECL4014','산업플라즈마공학',3),('ECL4015','전력전자제어',3),('ECL4018','전기공학세미나',3),('EEC3005','상하수도공학',3),('EGY3001','재료물성학',3),('EGY4013','에너지공학종합설계2',3),('EGY4016','나노바이오에너지소재',3),('EGY4019','에너지유기소재',3),('ELE3004','제어공학',3),('ELE3013','전기기기',3),('ELE3020','컴퓨터구조2',3),('ELE4019','전력시스템공학',3),('ELE4025','펄스파워공학',3),('ELE4029','컴파일러',3),('ENE4019','컴퓨터네트워크',3),('GEN3052','환경공학',3),('GEN5026','테크노경영학',3),('GEN6006','특허법의이해',2),('GEN6095','전공현장실습2',3),('ICH4022','고분자재료',3),('ITE3016','데이터베이스시스템',3),('ITE3060','시스템프로그램설계2',2),('ITE3068','소프트웨어스튜디오2',3),('ITE3070','전공멘토링6',1),('MAT3008','수치해석',3),('MEE4001','열전달',3),('MME3026','암반공학',3),('ONE4004','유기나노공학종합설계2',3),('ONE4005','전공세미나(유기나노공학)URIP',3),('ONE4011','유기전자소재나노공정',3),('TXE4065','고분자구조',3);
/*!40000 ALTER TABLE `course` ENABLE KEYS */;
UNLOCK TABLES;

--
-- Table structure for table `enrollment`
--

DROP TABLE IF EXISTS `enrollment`;
/*!40101 SET @saved_cs_client     = @@character_set_client */;
/*!40101 SET character_set_client = utf8 */;
CREATE TABLE `enrollment` (
  `class_no` varchar(16) NOT NULL,
  `course_id` varchar(16) DEFAULT NULL,
  `student_id` varchar(16) NOT NULL,
  `wished` int(11) DEFAULT '0',
  `enrolled` int(11) DEFAULT '0',
  `lastwished` int(11) DEFAULT '0',
  `lastenrolled` int(11) DEFAULT '0',
  `lastupdated` timestamp NULL DEFAULT CURRENT_TIMESTAMP,
  `opened` varchar(4) NOT NULL,
  `achievement` varchar(4) DEFAULT NULL,
  PRIMARY KEY (`class_no`,`student_id`,`opened`),
  KEY `R_19` (`student_id`),
  KEY `R_18` (`class_no`),
  KEY `R_22` (`course_id`),
  CONSTRAINT `R_18` FOREIGN KEY (`class_no`) REFERENCES `class` (`class_no`) ON DELETE NO ACTION ON UPDATE NO ACTION,
  CONSTRAINT `R_19` FOREIGN KEY (`student_id`) REFERENCES `student` (`student_id`) ON DELETE NO ACTION ON UPDATE NO ACTION,
  CONSTRAINT `R_22` FOREIGN KEY (`course_id`) REFERENCES `course` (`course_id`) ON DELETE NO ACTION ON UPDATE NO ACTION
) ENGINE=InnoDB DEFAULT CHARSET=utf8;
/*!40101 SET character_set_client = @saved_cs_client */;

--
-- Dumping data for table `enrollment`
--

LOCK TABLES `enrollment` WRITE;
/*!40000 ALTER TABLE `enrollment` DISABLE KEYS */;
INSERT INTO `enrollment` VALUES ('10031','ELE3020','2014505050',0,1,0,1,'2016-12-17 15:00:00','2016',NULL),('10035','ENE4019','2014505050',0,1,0,1,'2014-12-17 14:08:16','2014','C+'),('10035','ENE4019','2014505050',1,1,1,1,'2015-12-17 14:08:16','2015','A');
/*!40000 ALTER TABLE `enrollment` ENABLE KEYS */;
UNLOCK TABLES;

--
-- Table structure for table `lecturer`
--

DROP TABLE IF EXISTS `lecturer`;
/*!40101 SET @saved_cs_client     = @@character_set_client */;
/*!40101 SET character_set_client = utf8 */;
CREATE TABLE `lecturer` (
  `lecturer_id` varchar(16) NOT NULL,
  `name` varchar(64) DEFAULT NULL,
  `major_id` varchar(16) DEFAULT NULL,
  PRIMARY KEY (`lecturer_id`),
  KEY `R_6` (`major_id`),
  CONSTRAINT `R_6` FOREIGN KEY (`major_id`) REFERENCES `major` (`major_id`)
) ENGINE=InnoDB DEFAULT CHARSET=utf8;
/*!40101 SET character_set_client = @saved_cs_client */;

--
-- Dumping data for table `lecturer`
--

LOCK TABLES `lecturer` WRITE;
/*!40000 ALTER TABLE `lecturer` DISABLE KEYS */;
INSERT INTO `lecturer` VALUES ('2001001001','조병완','1'),('2001001002','조용식','1'),('2001011003','조병완','1'),('2001011004','김종오','1'),('2001021002','유인경','2'),('2001031001','박희진','2'),('2001032003','이인환','3'),('2001032004','최진식','3'),('2001032005','김상욱','3'),('2001032006','박종일','3'),('2001032007','신동훈','4'),('2001032008','고광철','4'),('2001032009','정진욱','4'),('2001032010','김진오','4'),('2001032011','최창식','5'),('2001032012','이충선','5'),('2001032013','정재원','5'),('2001032014','이종석','5'),('2001032015','김승남','5'),('2001032016','문성용','6'),('2001032017','서경도','6'),('2001032018','서경도','6'),('2001032019','김진국','6'),('2001032020','공성호','6'),('2001032021','서영웅','6'),('2001032022','이동윤','7'),('2001032023','류성언','7'),('2001032024','윤채옥','7'),('2001032025','안희준','8'),('2001032026','안희준','8'),('2001032027','안희준','8'),('2001032028','강용수','9'),('2001032029','강용수','9'),('2001032030','강용수','9'),('2001032031','박두희','1'),('2001032032','조용식','1'),('2001032033','유재석','1'),('2001032034','조용식','1'),('2001032035','유인경','2'),('2001032036','유민수','3'),('2001032037','임을규','3'),('2001032038','장의선','3'),('2001032039','김상욱','3'),('2001032040','이형철','4'),('2001032041','이형철','4'),('2001032042','노태협','4'),('2001032043','정정주','4'),('2001032044','고광철','4'),('2001032045','유기찬','5'),('2001032046','전진용','5'),('2001032047','박운종','5'),('2001032048','한상환','5'),('2001032049','Justyn Wayne Jaworski','6'),('2001032050','서동학','6'),('2001032051','서영웅','6'),('2001032052','오성근','6'),('2001032053','서경도','6'),('2001032054','이병희','6'),('2001032055','류성언','7'),('2001032056','임태연','7'),('2001032057','김용희','7'),('2001032058','안광일','7'),('2001032059','김성훈','8'),('2001032060','안희준','8'),('2001032061','임승순','8'),('2001032062','이윤정','9'),('2001032063','이윤정','9'),('2001032064','안광일','9'),('2001032065','서종원','1'),('2001032066','박대효','1'),('2001032067','강석구','1'),('2001032068','반호기','1'),('2001032069','최용석','2'),('2001032070','유인경','3'),('2001032071','이춘화','3'),('2001032072','한규옥','3'),('2001032073','최진식','3'),('2001032074','정규선','4'),('2001032075','현동석','4'),('2001032076','김래영','4'),('2001032077','이주','4'),('2001032078','김동준','4'),('2001032079','김효진','5'),('2001032080','전진용','5'),('2001032081','차성민','5'),('2001032082','김주형','5'),('2001032083','배영찬','6'),('2001032084','서경도','6'),('2001032085','구상만','6');
/*!40000 ALTER TABLE `lecturer` ENABLE KEYS */;
UNLOCK TABLES;

--
-- Table structure for table `major`
--

DROP TABLE IF EXISTS `major`;
/*!40101 SET @saved_cs_client     = @@character_set_client */;
/*!40101 SET character_set_client = utf8 */;
CREATE TABLE `major` (
  `major_id` varchar(16) NOT NULL,
  `name` varchar(64) DEFAULT NULL,
  PRIMARY KEY (`major_id`)
) ENGINE=InnoDB DEFAULT CHARSET=utf8;
/*!40101 SET character_set_client = @saved_cs_client */;

--
-- Dumping data for table `major`
--

LOCK TABLES `major` WRITE;
/*!40000 ALTER TABLE `major` DISABLE KEYS */;
INSERT INTO `major` VALUES ('1','건설환경공학과'),('10','기계공학부'),('11','미래자동차공학과'),('12','원자력공학과'),('13','자원환경공학과'),('14','산업공학과'),('15','생체공학전공'),('16','도시공학과'),('17','융합전자공학부'),('18','신소재공학부'),('19','교육학과'),('2','소프트웨어전공'),('20','국어교육과'),('21','영어교육과'),('22','응용미술교육과'),('23','교육공학과'),('24','수학교육과'),('25','성악과'),('26','작곡과'),('27','피아노과'),('28','관현악과'),('29','국악과'),('3','컴퓨터전공'),('30','국어국문학과'),('31','영어영문학과'),('32','독어독문학과'),('33','중어중문학과'),('34','사학과'),('35','철학과'),('36','관광학부'),('37','수학전공'),('38','물리학전공'),('39','화학전공'),('4','전기공학전공'),('40','생명과학전공'),('41','컴퓨터공학부'),('42','정보시스템학과'),('43','건축학부'),('44','경영학부'),('45','파이낸스경영학과'),('46','국제학부'),('47','경제금융학부'),('48','STS(과학기술학)전공'),('49','공공수행인문학전공'),('5','건축공학부'),('50','미디어문화전공'),('51','영어커뮤니케이션전공'),('52','통상한국어커뮤니케이션전공'),('53','글로벌비즈니스문화전공(영어전용)'),('54','중국경제통상전공'),('55','정책학과'),('56','법학과'),('57','의류학과'),('58','식품영양학과'),('59','실내건축디자인학과'),('6','화학공학전공'),('60','체육학과'),('61','스포츠산업학과'),('62','연극영화학과'),('63','무용학과'),('64','간호학전공'),('65','간호전공'),('66','정치외교학과'),('67','사회학과'),('68','미디어커뮤니케이션학과'),('69','행정학과'),('7','생명공학전공'),('70','한중통번역전공'),('71','화공생명공학부'),('72','전기·생체공학부'),('73','의예과'),('74','수학과'),('75','물리학과'),('76','화학과'),('77','생명과학과'),('78','응용시스템학과'),('79','교양인영역'),('8','유기나노공학과'),('80','인문과예술영역'),('81','언어와표현영역'),('82','세계인영역'),('83','사회와세계영역'),('84','실용인영역'),('85','비지니스와리더쉽영역'),('86','과학과기술영역'),('87','서울대학'),('88','봉사인영역'),('89','가상대학영역'),('9','에너지공학과');
/*!40000 ALTER TABLE `major` ENABLE KEYS */;
UNLOCK TABLES;

--
-- Table structure for table `room`
--

DROP TABLE IF EXISTS `room`;
/*!40101 SET @saved_cs_client     = @@character_set_client */;
/*!40101 SET character_set_client = utf8 */;
CREATE TABLE `room` (
  `room_id` varchar(16) NOT NULL,
  `building_id` varchar(16) DEFAULT NULL,
  `occupancy` int(11) DEFAULT NULL,
  PRIMARY KEY (`room_id`),
  KEY `R_12` (`building_id`),
  CONSTRAINT `R_12` FOREIGN KEY (`building_id`) REFERENCES `building` (`building_id`)
) ENGINE=InnoDB DEFAULT CHARSET=utf8;
/*!40101 SET character_set_client = @saved_cs_client */;

--
-- Dumping data for table `room`
--

LOCK TABLES `room` WRITE;
/*!40000 ALTER TABLE `room` DISABLE KEYS */;
INSERT INTO `room` VALUES ('1','1',140),('10','1',40),('100','6',40),('101','6',40),('102','6',40),('103','6',40),('104','6',40),('105','6',40),('106','6',45),('107','7',40),('108','7',40),('109','7',40),('11','1',50),('110','7',40),('111','7',40),('112','7',40),('113','7',40),('114','7',55),('115','7',40),('116','7',40),('117','7',40),('118','7',40),('119','7',40),('12','1',100),('120','7',40),('121','7',40),('122','7',40),('123','7',65),('124','7',40),('125','7',40),('126','7',40),('127','7',40),('128','7',40),('129','7',40),('13','1',40),('130','8',40),('131','8',40),('132','8',110),('133','8',40),('134','8',40),('135','8',40),('136','8',40),('137','9',40),('138','9',40),('139','9',40),('14','1',50),('140','9',90),('141','9',40),('142','9',40),('143','9',40),('144','9',40),('145','9',40),('146','10',40),('147','10',70),('148','10',40),('149','10',40),('15','1',40),('150','10',40),('151','10',40),('152','10',40),('153','10',40),('154','10',60),('155','10',40),('156','11',40),('157','11',40),('158','11',40),('159','11',40),('16','1',40),('160','11',40),('161','11',40),('162','11',40),('163','11',65),('164','11',40),('165','11',40),('166','11',40),('167','11',40),('168','11',40),('169','12',120),('17','1',50),('170','12',40),('171','12',40),('172','12',40),('173','12',80),('174','12',40),('175','12',40),('176','12',40),('177','12',40),('178','12',40),('179','12',35),('18','1',40),('180','12',40),('181','12',55),('182','12',40),('183','12',40),('184','12',45),('185','12',40),('186','12',40),('187','13',40),('188','13',95),('189','13',40),('19','1',40),('190','13',40),('191','13',40),('192','13',40),('193','13',40),('194','13',40),('195','13',40),('196','13',40),('197','13',84),('198','13',50),('199','13',40),('2','1',40),('20','2',40),('21','2',40),('22','2',40),('23','2',50),('24','2',40),('25','2',40),('26','2',80),('27','2',40),('28','2',120),('29','2',40),('3','1',40),('30','2',40),('31','2',50),('32','2',40),('33','2',40),('34','2',30),('35','3',40),('36','3',40),('37','3',40),('38','3',40),('39','3',50),('4','1',40),('40','3',40),('41','3',40),('42','3',40),('43','3',40),('44','3',50),('45','3',40),('46','3',40),('47','3',40),('48','3',45),('49','3',40),('5','1',40),('50','3',40),('51','3',100),('52','3',40),('53','3',40),('54','3',120),('55','4',40),('56','4',40),('57','4',40),('58','4',40),('59','4',40),('6','1',40),('60','4',40),('61','4',40),('62','4',40),('63','4',40),('64','4',50),('65','4',40),('66','4',40),('67','4',40),('68','5',40),('69','5',40),('7','1',30),('70','5',40),('71','5',40),('72','5',40),('73','6',40),('74','6',80),('75','6',40),('76','6',40),('77','6',40),('78','6',40),('79','6',100),('8','1',35),('80','6',40),('81','6',40),('82','6',40),('83','6',40),('84','6',40),('85','6',40),('86','6',40),('87','6',30),('88','6',40),('89','6',40),('9','1',40),('90','6',40),('91','6',40),('92','6',40),('93','6',40),('94','6',40),('95','6',40),('96','6',40),('97','6',35),('98','6',40),('99','6',40);
/*!40000 ALTER TABLE `room` ENABLE KEYS */;
UNLOCK TABLES;

--
-- Table structure for table `student`
--

DROP TABLE IF EXISTS `student`;
/*!40101 SET @saved_cs_client     = @@character_set_client */;
/*!40101 SET character_set_client = utf8 */;
CREATE TABLE `student` (
  `student_id` varchar(16) NOT NULL,
  `password` varchar(32) DEFAULT NULL,
  `name` varchar(64) DEFAULT NULL,
  `sex` varchar(12) DEFAULT NULL,
  `major_id` varchar(16) NOT NULL,
  `tutor_id` varchar(16) DEFAULT NULL,
  `year` varchar(4) DEFAULT NULL,
  `lastlogin` timestamp NULL DEFAULT CURRENT_TIMESTAMP,
  PRIMARY KEY (`student_id`,`major_id`),
  KEY `R_10` (`tutor_id`),
  KEY `R_11` (`major_id`),
  CONSTRAINT `R_10` FOREIGN KEY (`tutor_id`) REFERENCES `lecturer` (`lecturer_id`),
  CONSTRAINT `R_11` FOREIGN KEY (`major_id`) REFERENCES `major` (`major_id`)
) ENGINE=InnoDB DEFAULT CHARSET=utf8;
/*!40101 SET character_set_client = @saved_cs_client */;

--
-- Dumping data for table `student`
--

LOCK TABLES `student` WRITE;
/*!40000 ALTER TABLE `student` DISABLE KEYS */;
INSERT INTO `student` VALUES ('2009003125','125125125','정남아','female','44','2001032011','4','2016-12-08 07:30:57'),('2010004052','39nnf2','김관유','male','4','2001032064','3','2016-12-08 07:30:57'),('2010499349','2bn4','이현주','female','5','2001032031','4','2016-12-08 07:30:57'),('2011004533','35234','한준희','male','3','2001032070','3','2016-12-08 07:30:57'),('2011040404','x17171771','김다미','female','3','2001032068','3','2016-12-08 07:30:57'),('2012004003','banila','김동관','male','33','2001032030','3','2016-12-08 07:30:57'),('2012004203','qwe123','오든솔','male','5','2001032007','3','2016-12-08 07:30:57'),('2012030303','arandomkey','최다비드','male','34','2001032031','2','2016-12-08 07:30:57'),('2012394929','3425nn5','이지은','female','1','2001032085','3','2016-12-08 07:30:57'),('2013001445','7007','노선영','female','4','2001032010','2','2016-12-08 07:30:57'),('2013004004','foxfoxfox','윤준영','male','22','2001032004','2','2016-12-08 07:30:57'),('2013004394','goodboy','윤인욱','male','1','2001032004','2','2016-12-08 07:30:57'),('2013030128','food','윤지형','male','44','2001032078','2','2016-12-08 07:30:57'),('2013040051','zeroone234','최아랑','female','19','2001032078','2','2016-12-08 07:30:57'),('2014001303','192939','김다현','female','3','2001032009','1','2016-12-08 07:30:57'),('2014002331','wer234','이상덕','male','2','2001032008','1','2016-12-08 07:30:57'),('2014005004','hexahed','장두호','male','5','2001032081','1','2016-12-08 07:30:57'),('2014019493','zerozero','임지훈','male','17','2001032003','1','2016-12-08 07:30:57'),('2014040404','donkey','권지현','female','22','2001032053','1','2016-12-08 07:30:57'),('2014505050','hellobaby','권희조','female','3','2001032078','3','2016-12-08 07:30:57');
/*!40000 ALTER TABLE `student` ENABLE KEYS */;
UNLOCK TABLES;

--
-- Table structure for table `time`
--

DROP TABLE IF EXISTS `time`;
/*!40101 SET @saved_cs_client     = @@character_set_client */;
/*!40101 SET character_set_client = utf8 */;
CREATE TABLE `time` (
  `time_id` varchar(16) NOT NULL,
  `class_id` varchar(16) DEFAULT NULL,
  `period` varchar(4) DEFAULT NULL,
  `begin` varchar(32) DEFAULT NULL,
  `end` varchar(32) DEFAULT NULL,
  PRIMARY KEY (`time_id`),
  KEY `R_5` (`class_id`),
  CONSTRAINT `R_5` FOREIGN KEY (`class_id`) REFERENCES `class` (`class_id`) ON DELETE CASCADE ON UPDATE CASCADE
) ENGINE=InnoDB DEFAULT CHARSET=utf8;
/*!40101 SET character_set_client = @saved_cs_client */;

--
-- Dumping data for table `time`
--

LOCK TABLES `time` WRITE;
/*!40000 ALTER TABLE `time` DISABLE KEYS */;
INSERT INTO `time` VALUES ('1','8831','1','1900-01-02T05:30:00.000Z','1900-01-02T07:00:00.000Z'),('10','8858','1','1900-01-02T06:30:00.000Z','1900-01-02T08:00:00.000Z'),('100','8867','2','1900-01-02T07:00:00.000Z','1900-01-02T08:30:00.000Z'),('101','8870','2','1900-01-04T04:00:00.000Z','1900-01-04T05:30:00.000Z'),('102','8873','2','1900-01-04T01:30:00.000Z','1900-01-04T03:00:00.000Z'),('103','8876','2','1900-01-02T06:00:00.000Z','1900-01-02T08:00:00.000Z'),('104','8879','2','1900-01-04T07:00:00.000Z','1900-01-04T08:30:00.000Z'),('105','8882','2','1900-01-04T02:00:00.000Z','1900-01-04T04:00:00.000Z'),('106','8885','2','1900-01-05T04:00:00.000Z','1900-01-05T05:30:00.000Z'),('107','8888','2','1900-01-03T04:00:00.000Z','1900-01-03T05:30:00.000Z'),('108','8894','2','1900-01-04T01:30:00.000Z','1900-01-04T03:00:00.000Z'),('109','8897','2','1900-01-04T04:00:00.000Z','1900-01-04T06:00:00.000Z'),('11','8861','1','1900-01-02T00:00:00.000Z','1900-01-02T01:30:00.000Z'),('110','8900','2','1900-01-04T07:00:00.000Z','1900-01-04T08:30:00.000Z'),('111','8903','2','1900-01-03T05:30:00.000Z','1900-01-03T07:00:00.000Z'),('112','8906','2','1900-01-03T00:00:00.000Z','1900-01-03T01:30:00.000Z'),('113','8912','2','1900-01-03T05:30:00.000Z','1900-01-03T07:00:00.000Z'),('114','8921','2','1900-01-04T07:30:00.000Z','1900-01-04T09:00:00.000Z'),('115','8924','2','1900-01-03T00:00:00.000Z','1900-01-03T01:30:00.000Z'),('116','8930','2','1900-01-03T01:30:00.000Z','1900-01-03T03:00:00.000Z'),('117','8832','2','1900-01-03T01:00:00.000Z','1900-01-03T02:00:00.000Z'),('118','8835','2','1900-01-03T00:00:00.000Z','1900-01-03T01:30:00.000Z'),('119','8847','1','1900-01-04T01:30:00.000Z','1900-01-04T03:00:00.000Z'),('12','8864','1','1900-01-06T07:00:00.000Z','1900-01-06T09:00:00.000Z'),('120','8850','2','1900-01-03T01:30:00.000Z','1900-01-03T03:00:00.000Z'),('121','8856','2','1900-01-03T06:00:00.000Z','1900-01-03T07:30:00.000Z'),('122','8859','2','1900-01-05T07:00:00.000Z','1900-01-05T08:30:00.000Z'),('123','8862','2','1900-01-05T08:30:00.000Z','1900-01-05T10:00:00.000Z'),('124','8865','2','1900-01-05T07:00:00.000Z','1900-01-05T08:30:00.000Z'),('125','8868','2','1900-01-03T05:30:00.000Z','1900-01-03T07:00:00.000Z'),('126','8871','2','1900-01-04T01:30:00.000Z','1900-01-04T03:00:00.000Z'),('127','8874','2','1900-01-04T00:00:00.000Z','1900-01-04T01:30:00.000Z'),('128','8877','2','1900-01-05T01:30:00.000Z','1900-01-05T03:00:00.000Z'),('129','8880','2','1900-01-01T05:00:00.000Z','1900-01-01T09:00:00.000Z'),('13','8867','1','1900-01-02T05:30:00.000Z','1900-01-02T07:00:00.000Z'),('130','8883','2','1900-01-04T05:30:00.000Z','1900-01-04T07:00:00.000Z'),('131','8886','2','1900-01-04T01:30:00.000Z','1900-01-04T03:00:00.000Z'),('132','8889','2','1900-01-03T04:00:00.000Z','1900-01-03T05:30:00.000Z'),('133','8892','2','1900-01-04T04:00:00.000Z','1900-01-04T05:30:00.000Z'),('134','8895','2','1900-01-03T05:30:00.000Z','1900-01-03T07:00:00.000Z'),('135','8901','2','1900-01-05T04:00:00.000Z','1900-01-05T06:00:00.000Z'),('136','8904','2','1900-01-04T01:30:00.000Z','1900-01-04T03:00:00.000Z'),('137','8907','2','1900-01-03T01:30:00.000Z','1900-01-03T03:00:00.000Z'),('138','8913','2','1900-01-02T09:00:00.000Z','1900-01-02T11:00:00.000Z'),('139','8916','2','1900-01-03T00:00:00.000Z','1900-01-03T01:30:00.000Z'),('14','8870','1','1900-01-02T01:30:00.000Z','1900-01-02T03:00:00.000Z'),('140','8919','2','1900-01-05T05:30:00.000Z','1900-01-05T07:00:00.000Z'),('141','8922','2','1900-01-02T01:30:00.000Z','1900-01-02T03:00:00.000Z'),('142','8925','2','1900-01-03T01:30:00.000Z','1900-01-03T03:00:00.000Z'),('143','8928','2','1900-01-05T01:30:00.000Z','1900-01-05T03:00:00.000Z'),('144','8833','2','1900-01-05T01:30:00.000Z','1900-01-05T03:00:00.000Z'),('145','8836','2','1900-01-03T04:00:00.000Z','1900-01-03T05:30:00.000Z'),('146','8839','2','1900-01-04T07:00:00.000Z','1900-01-04T08:30:00.000Z'),('147','8842','2','1900-01-04T04:00:00.000Z','1900-01-04T05:30:00.000Z'),('148','8845','2','1900-01-01T05:00:00.000Z','1900-01-01T07:00:00.000Z'),('149','8848','1','1900-01-04T01:30:00.000Z','1900-01-04T03:00:00.000Z'),('15','8873','1','1900-01-02T07:00:00.000Z','1900-01-02T08:30:00.000Z'),('150','8851','2','1900-01-05T04:30:00.000Z','1900-01-05T06:00:00.000Z'),('151','8857','2','1900-01-04T04:00:00.000Z','1900-01-04T06:00:00.000Z'),('152','8860','2','1900-01-05T04:00:00.000Z','1900-01-05T05:30:00.000Z'),('153','8863','2','1900-01-05T01:30:00.000Z','1900-01-05T03:00:00.000Z'),('154','8866','2','1900-01-05T04:00:00.000Z','1900-01-05T05:30:00.000Z'),('155','8869','2','1900-01-02T04:00:00.000Z','1900-01-02T05:30:00.000Z'),('156','8872','2','1900-01-04T09:00:00.000Z','1900-01-04T11:00:00.000Z'),('157','8875','2','1900-01-05T05:30:00.000Z','1900-01-05T07:00:00.000Z'),('158','8878','2','1900-01-03T01:30:00.000Z','1900-01-03T03:00:00.000Z'),('159','8881','2','1900-01-06T02:00:00.000Z','1900-01-06T04:00:00.000Z'),('16','8876','1','1900-01-02T04:00:00.000Z','1900-01-02T06:00:00.000Z'),('160','8887','2','1900-01-03T00:00:00.000Z','1900-01-03T01:30:00.000Z'),('161','8893','2','1900-01-02T04:00:00.000Z','1900-01-02T05:30:00.000Z'),('17','8879','1','1900-01-01T04:00:00.000Z','1900-01-01T05:30:00.000Z'),('18','8882','1','1900-01-04T00:00:00.000Z','1900-01-04T02:00:00.000Z'),('19','8885','1','1900-01-02T00:00:00.000Z','1900-01-02T01:30:00.000Z'),('2','8834','1','1900-01-02T00:00:00.000Z','1900-01-02T02:00:00.000Z'),('20','8888','1','1900-01-01T07:00:00.000Z','1900-01-01T08:30:00.000Z'),('21','8891','1','1900-01-02T07:00:00.000Z','1900-01-02T11:00:00.000Z'),('22','8894','1','1900-01-02T01:30:00.000Z','1900-01-02T03:00:00.000Z'),('23','8897','1','1900-01-02T04:00:00.000Z','1900-01-02T06:00:00.000Z'),('24','8900','1','1900-01-02T06:00:00.000Z','1900-01-02T07:30:00.000Z'),('25','8903','1','1900-01-01T06:00:00.000Z','1900-01-01T07:00:00.000Z'),('26','8906','1','1900-01-01T00:00:00.000Z','1900-01-01T01:30:00.000Z'),('27','8909','1','1900-01-06T03:00:00.000Z','1900-01-06T05:00:00.000Z'),('28','8912','1','1900-01-02T04:00:00.000Z','1900-01-02T05:30:00.000Z'),('29','8915','1',NULL,NULL),('3','8837','1','1900-01-03T05:30:00.000Z','1900-01-03T07:00:00.000Z'),('30','8918','1','1900-01-06T03:00:00.000Z','1900-01-06T05:00:00.000Z'),('31','8921','1','1900-01-02T04:00:00.000Z','1900-01-02T05:30:00.000Z'),('32','8924','1','1900-01-01T04:00:00.000Z','1900-01-01T05:30:00.000Z'),('33','8927','1','1900-01-05T23:00:00.000Z','1900-01-06T01:00:00.000Z'),('34','8930','1','1900-01-01T01:30:00.000Z','1900-01-01T03:00:00.000Z'),('35','8832','1','1900-01-01T01:00:00.000Z','1900-01-01T02:00:00.000Z'),('36','8835','1','1900-01-01T00:00:00.000Z','1900-01-01T01:30:00.000Z'),('37','8838','1','1900-01-06T00:00:00.000Z','1900-01-06T02:00:00.000Z'),('38','8841','1',NULL,NULL),('39','8844','1',NULL,NULL),('4','8840','1','1900-01-04T05:30:00.000Z','1900-01-04T07:00:00.000Z'),('40','8847','2','1900-01-02T05:00:00.000Z','1900-01-02T06:30:00.000Z'),('41','8850','1','1900-01-01T01:30:00.000Z','1900-01-01T03:00:00.000Z'),('42','8853','1','1900-01-02T01:00:00.000Z','1900-01-02T03:00:00.000Z'),('43','8856','1','1900-01-01T06:00:00.000Z','1900-01-01T07:30:00.000Z'),('44','8859','1','1900-01-04T07:00:00.000Z','1900-01-04T08:30:00.000Z'),('45','8862','1','1900-01-04T08:30:00.000Z','1900-01-04T10:00:00.000Z'),('46','8865','1','1900-01-05T05:30:00.000Z','1900-01-05T07:00:00.000Z'),('47','8868','1','1900-01-01T05:30:00.000Z','1900-01-01T07:00:00.000Z'),('48','8871','1','1900-01-02T07:00:00.000Z','1900-01-02T08:30:00.000Z'),('49','8874','1','1900-01-02T04:00:00.000Z','1900-01-02T05:30:00.000Z'),('5','8843','1','1900-01-02T06:30:00.000Z','1900-01-02T08:00:00.000Z'),('50','8877','1','1900-01-03T07:00:00.000Z','1900-01-03T08:30:00.000Z'),('51','8880','1','1900-01-01T04:00:00.000Z','1900-01-01T05:00:00.000Z'),('52','8883','1','1900-01-02T05:30:00.000Z','1900-01-02T07:00:00.000Z'),('53','8886','1','1900-01-02T01:30:00.000Z','1900-01-02T03:00:00.000Z'),('54','8889','1','1900-01-01T04:00:00.000Z','1900-01-01T05:30:00.000Z'),('55','8892','1','1900-01-02T05:30:00.000Z','1900-01-02T07:00:00.000Z'),('56','8895','1','1900-01-01T00:00:00.000Z','1900-01-01T01:30:00.000Z'),('57','8898','1','1900-01-05T23:00:00.000Z','1900-01-06T01:00:00.000Z'),('58','8901','1','1900-01-04T09:00:00.000Z','1900-01-04T11:00:00.000Z'),('59','8904','1','1900-01-02T01:30:00.000Z','1900-01-02T03:00:00.000Z'),('6','8846','1','1900-01-03T08:30:00.000Z','1900-01-03T09:30:00.000Z'),('60','8907','1','1900-01-01T01:30:00.000Z','1900-01-01T03:00:00.000Z'),('61','8910','1','1900-01-05T23:00:00.000Z','1900-01-06T01:00:00.000Z'),('62','8913','1','1900-01-02T07:00:00.000Z','1900-01-02T09:00:00.000Z'),('63','8916','1','1900-01-01T05:30:00.000Z','1900-01-01T07:00:00.000Z'),('64','8919','1','1900-01-03T05:30:00.000Z','1900-01-03T07:00:00.000Z'),('65','8922','1','1900-01-01T00:00:00.000Z','1900-01-01T01:30:00.000Z'),('66','8925','1','1900-01-01T01:30:00.000Z','1900-01-01T03:00:00.000Z'),('67','8928','1','1900-01-03T05:30:00.000Z','1900-01-03T07:00:00.000Z'),('68','8931','1','1900-01-01T07:00:00.000Z','1900-01-01T09:00:00.000Z'),('69','8833','1','1900-01-04T02:00:00.000Z','1900-01-04T03:30:00.000Z'),('7','8849','1','1900-01-04T06:00:00.000Z','1900-01-04T07:30:00.000Z'),('70','8836','1','1900-01-01T02:00:00.000Z','1900-01-01T03:30:00.000Z'),('71','8839','1','1900-01-01T04:00:00.000Z','1900-01-01T05:30:00.000Z'),('72','8842','1','1900-01-02T04:00:00.000Z','1900-01-02T05:30:00.000Z'),('73','8845','1','1900-01-01T04:00:00.000Z','1900-01-01T05:00:00.000Z'),('74','8848','2','1900-01-03T04:30:00.000Z','1900-01-03T06:00:00.000Z'),('75','8851','1','1900-01-03T06:00:00.000Z','1900-01-03T07:30:00.000Z'),('76','8854','1','1900-01-02T01:00:00.000Z','1900-01-02T03:00:00.000Z'),('77','8857','1','1900-01-01T07:30:00.000Z','1900-01-01T09:30:00.000Z'),('78','8860','1','1900-01-03T04:00:00.000Z','1900-01-03T05:30:00.000Z'),('79','8863','1','1900-01-02T01:30:00.000Z','1900-01-02T03:00:00.000Z'),('8','8852','1','1900-01-02T05:00:00.000Z','1900-01-02T06:30:00.000Z'),('80','8866','1','1900-01-03T04:00:00.000Z','1900-01-03T05:30:00.000Z'),('81','8869','1','1900-01-01T07:00:00.000Z','1900-01-01T08:30:00.000Z'),('82','8872','1','1900-01-01T04:00:00.000Z','1900-01-01T06:00:00.000Z'),('83','8875','1','1900-01-05T04:00:00.000Z','1900-01-05T05:30:00.000Z'),('84','8878','1','1900-01-01T05:30:00.000Z','1900-01-01T07:00:00.000Z'),('85','8881','1','1900-01-06T00:00:00.000Z','1900-01-06T02:00:00.000Z'),('86','8884','1',NULL,NULL),('87','8887','1','1900-01-01T00:00:00.000Z','1900-01-01T01:30:00.000Z'),('88','8890','1','1900-01-06T03:00:00.000Z','1900-01-06T05:00:00.000Z'),('89','8893','1','1900-01-01T04:00:00.000Z','1900-01-01T05:30:00.000Z'),('9','8855','1','1900-01-01T04:30:00.000Z','1900-01-01T06:00:00.000Z'),('90','8831','2','1900-01-05T04:00:00.000Z','1900-01-05T05:30:00.000Z'),('91','8834','2','1900-01-04T00:00:00.000Z','1900-01-04T02:00:00.000Z'),('92','8837','2','1900-01-05T05:30:00.000Z','1900-01-05T07:00:00.000Z'),('93','8840','2','1900-01-05T05:30:00.000Z','1900-01-05T07:00:00.000Z'),('94','8843','2','1900-01-03T07:00:00.000Z','1900-01-03T08:30:00.000Z'),('95','8849','2','1900-01-05T06:00:00.000Z','1900-01-05T07:30:00.000Z'),('96','8852','2','1900-01-05T04:30:00.000Z','1900-01-05T06:00:00.000Z'),('97','8855','2','1900-01-03T04:30:00.000Z','1900-01-03T06:00:00.000Z'),('98','8858','2','1900-01-05T01:30:00.000Z','1900-01-05T03:00:00.000Z'),('99','8861','2','1900-01-04T04:00:00.000Z','1900-01-04T05:30:00.000Z');
/*!40000 ALTER TABLE `time` ENABLE KEYS */;
UNLOCK TABLES;
/*!40103 SET TIME_ZONE=@OLD_TIME_ZONE */;

/*!40101 SET SQL_MODE=@OLD_SQL_MODE */;
/*!40014 SET FOREIGN_KEY_CHECKS=@OLD_FOREIGN_KEY_CHECKS */;
/*!40014 SET UNIQUE_CHECKS=@OLD_UNIQUE_CHECKS */;
/*!40101 SET CHARACTER_SET_CLIENT=@OLD_CHARACTER_SET_CLIENT */;
/*!40101 SET CHARACTER_SET_RESULTS=@OLD_CHARACTER_SET_RESULTS */;
/*!40101 SET COLLATION_CONNECTION=@OLD_COLLATION_CONNECTION */;
/*!40111 SET SQL_NOTES=@OLD_SQL_NOTES */;

-- Dump completed on 2016-12-18 15:32:39
